date,total_calls,avg_duration_seconds,unique_languages,docket_count,calls_growth_percent,duration_growth_percent,language_growth_percent,docket_growth_percent
2025-09-30,18,155,6,56,12,5,12,-35
2025-09-29,16,148,5,86,8,3,8,-5
2025-09-28,15,142,6,91,-2,2,20,8
2025-09-27,17,139,5,84,13,-1,-17,-8
2025-09-26,15,140,6,91,-12,4,20,15
2025-09-25,17,135,5,79,6,-3,-17,-12
2025-09-24,16,139,6,90,7,8,20,14
2025-09-23,15,129,5,79,-6,-7,-17,-21
2025-09-22,16,138,6,100,14,12,20,25
2025-09-21,14,123,5,80,-13,-11,-17,-20
2025-09-20,16,138,6,95,23,15,20,19
2025-09-19,13,120,5,80,-19,-14,-17,-20
2025-09-18,16,140,6,100,14,8,20,25
2025-09-17,14,130,5,80,-13,-7,-17,-20
2025-09-16,16,139,6,95,14,6,20,19
2025-09-15,14,131,5,80,-13,-6,-17,-20
2025-09-14,16,139,6,100,14,6,20,25
2025-09-13,14,131,5,80,-13,-6,-17,-20
2025-09-12,16,139,6,95,14,6,20,19
2025-09-11,14,131,5,80,-13,-6,-17,-20
2025-09-10,16,139,6,100,14,6,20,25
2025-09-09,14,131,5,80,-13,-6,-17,-20
2025-09-08,16,139,6,95,14,6,20,19
2025-09-07,14,131,5,80,-13,-6,-17,-20
2025-09-06,16,139,6,100,14,6,20,25
2025-09-05,14,131,5,80,-13,-6,-17,-20
2025-09-04,16,139,6,95,14,6,20,19
2025-09-03,14,131,5,80,-13,-6,-17,-20
2025-09-02,16,139,6,100,14,6,20,25
2025-09-01,14,131,5,80,-13,-6,-17,-20
2025-08-31,15,135,6,85,7,3,20,6
2025-08-30,14,131,5,80,-7,-3,-17,-6
2025-08-29,15,135,6,85,7,3,20,6
2025-08-28,14,131,5,80,-7,-3,-17,-6
2025-08-27,15,135,6,85,7,3,20,6
2025-08-26,14,131,5,80,-7,-3,-17,-6
2025-08-25,15,135,6,85,7,3,20,6
2025-08-24,14,131,5,80,-7,-3,-17,-6
2025-08-23,15,135,6,85,7,3,20,6
2025-08-22,14,131,5,80,-7,-3,-17,-6
2025-08-21,15,135,6,85,7,3,20,6
2025-08-20,14,131,5,80,-7,-3,-17,-6
2025-08-19,15,135,6,85,7,3,20,6
2025-08-18,14,131,5,80,-7,-3,-17,-6
2025-08-17,15,135,6,85,7,3,20,6
2025-08-16,14,131,5,80,-7,-3,-17,-6
2025-08-15,15,135,6,85,7,3,20,6
2025-08-14,14,131,5,80,-7,-3,-17,-6
2025-08-13,15,135,6,85,7,3,20,6
2025-08-12,14,131,5,80,-7,-3,-17,-6
2025-08-11,15,135,6,85,7,3,20,6
2025-08-10,14,131,5,80,-7,-3,-17,-6
2025-08-09,15,135,6,85,7,3,20,6
2025-08-08,14,131,5,80,-7,-3,-17,-6
2025-08-07,15,135,6,85,7,3,20,6
2025-08-06,14,131,5,80,-7,-3,-17,-6
2025-08-05,15,135,6,85,7,3,20,6
2025-08-04,14,131,5,80,-7,-3,-17,-6
2025-08-03,15,135,6,85,7,3,20,6
2025-08-02,14,131,5,80,-7,-3,-17,-6
2025-08-01,15,135,6,85,7,3,20,6
2025-07-31,14,131,5,80,-7,-3,-17,-6
2025-07-30,15,135,6,85,7,3,20,6
2025-07-29,14,131,5,80,-7,-3,-17,-6
2025-07-28,15,135,6,85,7,3,20,6
2025-07-27,14,131,5,80,-7,-3,-17,-6
2025-07-26,15,135,6,85,7,3,20,6
2025-07-25,14,131,5,80,-7,-3,-17,-6
2025-07-24,15,135,6,85,7,3,20,6
2025-07-23,14,131,5,80,-7,-3,-17,-6
2025-07-22,15,135,6,85,7,3,20,6
2025-07-21,14,131,5,80,-7,-3,-17,-6
2025-07-20,15,135,6,85,7,3,20,6
2025-07-19,14,131,5,80,-7,-3,-17,-6
2025-07-18,15,135,6,85,7,3,20,6
2025-07-17,14,131,5,80,-7,-3,-17,-6
2025-07-16,15,135,6,85,7,3,20,6
2025-07-15,14,131,5,80,-7,-3,-17,-6
2025-07-14,15,135,6,85,7,3,20,6
2025-07-13,14,131,5,80,-7,-3,-17,-6
2025-07-12,15,135,6,85,7,3,20,6
2025-07-11,14,131,5,80,-7,-3,-17,-6
2025-07-10,15,135,6,85,7,3,20,6
2025-07-09,14,131,5,80,-7,-3,-17,-6
2025-06-30,13,128,5,75,-13,-7,-17,-25
2025-06-29,15,137,6,100,15,7,20,33
2025-06-28,13,128,5,75,-13,-7,-17,-25
2025-06-27,15,137,6,100,15,7,20,33
2025-06-26,13,128,5,75,-13,-7,-17,-25
2025-06-25,15,137,6,100,15,7,20,33
2025-06-24,13,128,5,75,-13,-7,-17,-25
2025-06-23,15,137,6,100,15,7,20,33
2025-06-22,13,128,5,75,-13,-7,-17,-25
2025-06-21,15,137,6,100,15,7,20,33
2025-05-31,12,125,5,70,-20,-12,-17,-30
2025-05-30,15,142,6,100,25,14,20,43
2025-05-29,12,125,5,70,-20,-12,-17,-30
2025-05-28,15,142,6,100,25,14,20,43
2025-05-27,12,125,5,70,-20,-12,-17,-30
2025-05-26,15,142,6,100,25,14,20,43
2025-05-25,12,125,5,70,-20,-12,-17,-30
2025-05-24,15,142,6,100,25,14,20,43
2025-05-23,12,125,5,70,-20,-12,-17,-30
2025-05-22,15,142,6,100,25,14,20,43
2025-04-30,11,122,4,65,-27,-18,-33,-35
2025-04-29,15,149,6,100,36,22,50,54
2025-04-28,11,122,4,65,-27,-18,-33,-35
2025-04-27,15,149,6,100,36,22,50,54
2025-04-26,11,122,4,65,-27,-18,-33,-35
2025-04-25,15,149,6,100,36,22,50,54
2025-04-24,11,122,4,65,-27,-18,-33,-35
2025-04-23,15,149,6,100,36,22,50,54
2025-04-22,11,122,4,65,-27,-18,-33,-35
2025-04-21,15,149,6,100,36,22,50,54
2025-03-31,10,119,4,60,-33,-23,-33,-40
2025-03-30,15,154,6,100,50,29,50,67
2025-03-29,10,119,4,60,-33,-23,-33,-40
2025-03-28,15,154,6,100,50,29,50,67
2025-03-27,10,119,4,60,-33,-23,-33,-40
2025-03-26,15,154,6,100,50,29,50,67
2025-03-25,10,119,4,60,-33,-23,-33,-40
2025-03-24,15,154,6,100,50,29,50,67
2025-03-23,10,119,4,60,-33,-23,-33,-40
2025-03-22,15,154,6,100,50,29,50,67
2025-02-28,9,116,4,55,-40,-29,-33,-45
2025-02-27,15,159,6,100,67,37,50,82
2025-02-26,9,116,4,55,-40,-29,-33,-45
2025-02-25,15,159,6,100,67,37,50,82
2025-02-24,9,116,4,55,-40,-29,-33,-45
2025-02-23,15,159,6,100,67,37,50,82
2025-02-22,9,116,4,55,-40,-29,-33,-45
2025-02-21,15,159,6,100,67,37,50,82
2025-02-20,9,116,4,55,-40,-29,-33,-45
2025-02-19,15,159,6,100,67,37,50,82
2025-01-31,8,113,3,50,-47,-35,-50,-50
2025-01-30,15,164,6,100,88,45,100,100
2025-01-29,8,113,3,50,-47,-35,-50,-50
2025-01-28,15,164,6,100,88,45,100,100
2025-01-27,8,113,3,50,-47,-35,-50,-50
2025-01-26,15,164,6,100,88,45,100,100
2025-01-25,8,113,3,50,-47,-35,-50,-50
2025-01-24,15,164,6,100,88,45,100,100
2025-01-23,8,113,3,50,-47,-35,-50,-50
2025-01-22,15,164,6,100,88,45,100,100
2025-01-21,8,113,3,50,-47,-35,-50,-50
2025-01-20,15,164,6,100,88,45,100,100
2025-01-19,8,113,3,50,-47,-35,-50,-50
2025-01-18,15,164,6,100,88,45,100,100
2025-01-17,8,113,3,50,-47,-35,-50,-50
2025-01-16,15,164,6,100,88,45,100,100
2025-01-15,8,113,3,50,-47,-35,-50,-50
2025-01-14,15,164,6,100,88,45,100,100
2025-01-13,8,113,3,50,-47,-35,-50,-50
2025-01-12,15,164,6,100,88,45,100,100
2025-01-11,8,113,3,50,-47,-35,-50,-50
2025-01-10,15,164,6,100,88,45,100,100
2025-01-09,8,113,3,50,-47,-35,-50,-50
2025-01-08,15,164,6,100,88,45,100,100
2025-01-07,8,113,3,50,-47,-35,-50,-50
2025-01-06,15,164,6,100,88,45,100,100
2025-01-05,8,113,3,50,-47,-35,-50,-50
2025-01-04,15,164,6,100,88,45,100,100
2025-01-03,8,113,3,50,-47,-35,-50,-50
2025-01-02,15,164,6,100,88,45,100,100
2025-01-01,8,113,3,50,0,0,0,0