ticket_id,call_id,ticket_number,query_type,status,created_datetime,resolved_datetime,assigned_to
560193,CALL1001,Ticket #560193,Technical Support,Ticket generated,2025-09-30 09:35:00,,Technical Team
560194,CALL1001,Ticket #560194,Technical Support,Resolved,2025-09-30 09:35:00,2025-09-30 14:20:00,Technical Team
560195,CALL1002,Ticket #560195,Billing Inquiry,Resolved,2025-09-30 10:20:45,2025-09-30 15:30:00,Billing Team
560196,CALL1005,Ticket #560196,Technical Support,Ticket generated,2025-09-30 15:35:10,,Technical Team
560197,CALL1005,Ticket #560197,Technical Support,Resolved,2025-09-30 15:35:10,2025-09-30 18:45:00,Technical Team
560198,CALL1005,Ticket #560198,Technical Support,Ticket generated,2025-09-30 15:35:10,,Technical Team
560199,CALL1006,Ticket #560199,General Inquiry,Resolved,2025-09-29 08:20:15,2025-09-29 12:30:00,Support Team
560200,CALL1006,Ticket #560200,General Inquiry,Resolved,2025-09-29 08:20:15,2025-09-29 13:15:00,Support Team
560201,CALL1007,Ticket #560201,General Inquiry,Ticket generated,2025-09-29 12:35:20,,Support Team
560202,CALL1008,Ticket #560202,Product Feedback,Ticket generated,2025-09-29 16:50:10,,Support Team
560203,CALL1008,Ticket #560203,Product Feedback,Resolved,2025-09-29 16:50:10,2025-09-29 19:20:00,Support Team
560204,CALL1008,Ticket #560204,Product Feedback,Ticket generated,2025-09-29 16:50:10,,Support Team
560205,CALL1008,Ticket #560205,Product Feedback,Ticket generated,2025-09-29 16:50:10,,Support Team
560206,CALL1009,Ticket #560206,General Inquiry,Resolved,2025-09-28 09:25:30,2025-09-28 14:40:00,Support Team
560207,CALL1009,Ticket #560207,General Inquiry,Resolved,2025-09-28 09:25:30,2025-09-28 15:20:00,Support Team
560208,CALL1009,Ticket #560208,General Inquiry,Resolved,2025-09-28 09:25:30,2025-09-28 16:10:00,Support Team
560209,CALL1009,Ticket #560209,General Inquiry,Resolved,2025-09-28 09:25:30,2025-09-28 17:30:00,Support Team
560210,CALL1009,Ticket #560210,General Inquiry,Resolved,2025-09-28 09:25:30,2025-09-28 18:15:00,Support Team
560211,CALL1010,Ticket #560211,General Inquiry,Ticket generated,2025-09-28 13:45:10,,Support Team
560212,CALL1010,Ticket #560212,General Inquiry,Resolved,2025-09-28 13:45:10,2025-09-28 17:20:00,Support Team
560213,CALL1012,Ticket #560213,General Inquiry,Resolved,2025-09-27 14:35:20,2025-09-27 18:45:00,Support Team
560214,CALL1012,Ticket #560214,General Inquiry,Resolved,2025-09-27 14:35:20,2025-09-27 19:30:00,Support Team
560215,CALL1012,Ticket #560215,General Inquiry,Ticket generated,2025-09-27 14:35:20,,Support Team
560216,CALL1013,Ticket #560216,General Inquiry,Ticket generated,2025-09-26 11:25:30,,Support Team
560217,CALL1013,Ticket #560217,General Inquiry,Resolved,2025-09-26 11:25:30,2025-09-26 16:40:00,Support Team
560218,CALL1015,Ticket #560218,Billing Inquiry,Resolved,2025-09-25 09:35:20,2025-09-25 14:50:00,Billing Team
560219,CALL1016,Ticket #560219,General Inquiry,Ticket generated,2025-09-25 13:20:15,,Support Team
560220,CALL1016,Ticket #560220,General Inquiry,Resolved,2025-09-25 13:20:15,2025-09-25 17:35:00,Support Team
560221,CALL1016,Ticket #560221,General Inquiry,Ticket generated,2025-09-25 13:20:15,,Support Team
560222,CALL1016,Ticket #560222,General Inquiry,Ticket generated,2025-09-25 13:20:15,,Support Team
560223,CALL1018,Ticket #560223,Technical Support,Resolved,2025-09-24 12:25:30,2025-09-24 16:40:00,Technical Team
560224,CALL1018,Ticket #560224,Technical Support,Resolved,2025-09-24 12:25:30,2025-09-24 17:20:00,Technical Team
560225,CALL1018,Ticket #560225,Technical Support,Resolved,2025-09-24 12:25:30,2025-09-24 18:15:00,Technical Team
560226,CALL1019,Ticket #560226,General Inquiry,Ticket generated,2025-09-23 10:35:10,,Support Team
560227,CALL1019,Ticket #560227,General Inquiry,Resolved,2025-09-23 10:35:10,2025-09-23 15:20:00,Support Team
560228,CALL1020,Ticket #560228,General Inquiry,Ticket generated,2025-09-23 14:50:15,,Support Team
560229,CALL1021,Ticket #560229,Product Feedback,Resolved,2025-09-22 09:20:25,2025-09-22 14:35:00,Support Team
560230,CALL1021,Ticket #560230,Product Feedback,Resolved,2025-09-22 09:20:25,2025-09-22 15:40:00,Support Team
560231,CALL1021,Ticket #560231,Product Feedback,Resolved,2025-09-22 09:20:25,2025-09-22 16:25:00,Support Team
560232,CALL1021,Ticket #560232,Product Feedback,Resolved,2025-09-22 09:20:25,2025-09-22 17:50:00,Support Team
560233,CALL1021,Ticket #560233,Product Feedback,Resolved,2025-09-22 09:20:25,2025-09-22 18:30:00,Support Team
560234,CALL1022,Ticket #560234,General Inquiry,Ticket generated,2025-09-22 13:35:20,,Support Team
560235,CALL1022,Ticket #560235,General Inquiry,Resolved,2025-09-22 13:35:20,2025-09-22 17:45:00,Support Team
560236,CALL1022,Ticket #560236,General Inquiry,Ticket generated,2025-09-22 13:35:20,,Support Team
560237,CALL1024,Ticket #560237,General Inquiry,Resolved,2025-09-21 15:25:15,2025-09-21 19:40:00,Support Team
560238,CALL1024,Ticket #560238,General Inquiry,Resolved,2025-09-21 15:25:15,2025-09-21 20:25:00,Support Team
560239,CALL1025,Ticket #560239,General Inquiry,Ticket generated,2025-09-20 08:35:30,,Support Team
560240,CALL1025,Ticket #560240,General Inquiry,Resolved,2025-09-20 08:35:30,2025-09-20 13:50:00,Support Team
560241,CALL1025,Ticket #560241,General Inquiry,Ticket generated,2025-09-20 08:35:30,,Support Team
560242,CALL1025,Ticket #560242,General Inquiry,Ticket generated,2025-09-20 08:35:30,,Support Team
560243,CALL1027,Ticket #560243,Technical Support,Resolved,2025-09-19 16:35:10,2025-09-19 20:50:00,Technical Team
560244,CALL1028,Ticket #560244,Billing Inquiry,Ticket generated,2025-09-18 10:50:25,,Billing Team
560245,CALL1028,Ticket #560245,Billing Inquiry,Resolved,2025-09-18 10:50:25,2025-09-18 15:35:00,Billing Team
560246,CALL1028,Ticket #560246,Billing Inquiry,Ticket generated,2025-09-18 10:50:25,,Billing Team
560247,CALL1030,Ticket #560247,General Inquiry,Resolved,2025-09-17 09:35:20,2025-09-17 14:20:00,Support Team
560248,CALL1030,Ticket #560248,General Inquiry,Resolved,2025-09-17 09:35:20,2025-09-17 15:45:00,Support Team
560249,CALL1031,Ticket #560249,Technical Support,Ticket generated,2025-09-16 13:50:15,,Technical Team
560250,CALL1031,Ticket #560250,Technical Support,Resolved,2025-09-16 13:50:15,2025-09-16 18:30:00,Technical Team
560251,CALL1031,Ticket #560251,Technical Support,Ticket generated,2025-09-16 13:50:15,,Technical Team
560252,CALL1031,Ticket #560252,Technical Support,Resolved,2025-09-16 13:50:15,2025-09-16 19:15:00,Technical Team
560253,CALL1031,Ticket #560253,Technical Support,Ticket generated,2025-09-16 13:50:15,,Technical Team
560254,CALL1032,Ticket #560254,General Inquiry,Ticket generated,2025-09-15 11:25:30,,Support Team
560255,CALL1033,Ticket #560255,General Inquiry,Resolved,2025-09-14 15:35:15,2025-09-14 19:50:00,Support Team
560256,CALL1033,Ticket #560256,General Inquiry,Resolved,2025-09-14 15:35:15,2025-09-14 20:35:00,Support Team
560257,CALL1033,Ticket #560257,General Inquiry,Resolved,2025-09-14 15:35:15,2025-09-14 21:20:00,Support Team
560258,CALL1034,Ticket #560258,Product Feedback,Ticket generated,2025-09-13 08:50:10,,Support Team
560259,CALL1034,Ticket #560259,Product Feedback,Resolved,2025-09-13 08:50:10,2025-09-13 13:25:00,Support Team
560260,CALL1036,Ticket #560260,General Inquiry,Resolved,2025-09-11 16:20:30,2025-09-11 20:45:00,Support Team
560261,CALL1036,Ticket #560261,General Inquiry,Resolved,2025-09-11 16:20:30,2025-09-11 21:30:00,Support Team
560262,CALL1036,Ticket #560262,General Inquiry,Resolved,2025-09-11 16:20:30,2025-09-11 22:15:00,Support Team
560263,CALL1036,Ticket #560263,General Inquiry,Resolved,2025-09-11 16:20:30,2025-09-12 08:40:00,Support Team
560264,CALL1037,Ticket #560264,General Inquiry,Ticket generated,2025-09-10 10:25:20,,Support Team
560265,CALL1039,Ticket #560265,General Inquiry,Resolved,2025-09-08 09:50:30,2025-09-08 14:35:00,Support Team
560266,CALL1039,Ticket #560266,General Inquiry,Resolved,2025-09-08 09:50:30,2025-09-08 15:20:00,Support Team
560267,CALL1039,Ticket #560267,General Inquiry,Resolved,2025-09-08 09:50:30,2025-09-08 16:45:00,Support Team
560268,CALL1040,Ticket #560268,Technical Support,Ticket generated,2025-09-07 13:25:15,,Technical Team
560269,CALL1040,Ticket #560269,Technical Support,Resolved,2025-09-07 13:25:15,2025-09-07 17:40:00,Technical Team
560270,CALL1042,Ticket #560270,General Inquiry,Resolved,2025-09-05 15:50:25,2025-09-05 20:15:00,Support Team
560271,CALL1042,Ticket #560271,General Inquiry,Resolved,2025-09-05 15:50:25,2025-09-05 21:30:00,Support Team
560272,CALL1042,Ticket #560272,General Inquiry,Resolved,2025-09-05 15:50:25,2025-09-06 08:45:00,Support Team
560273,CALL1042,Ticket #560273,General Inquiry,Resolved,2025-09-05 15:50:25,2025-09-06 09:20:00,Support Team
560274,CALL1042,Ticket #560274,General Inquiry,Resolved,2025-09-05 15:50:25,2025-09-06 10:35:00,Support Team
560275,CALL1043,Ticket #560275,General Inquiry,Ticket generated,2025-09-04 08:20:30,,Support Team
560276,CALL1044,Ticket #560276,Technical Support,Ticket generated,2025-09-03 12:35:15,,Technical Team
560277,CALL1044,Ticket #560277,Technical Support,Resolved,2025-09-03 12:35:15,2025-09-03 17:20:00,Technical Team
560278,CALL1044,Ticket #560278,Technical Support,Ticket generated,2025-09-03 12:35:15,,Technical Team
560279,CALL1044,Ticket #560279,Technical Support,Ticket generated,2025-09-03 12:35:15,,Technical Team
560280,CALL1045,Ticket #560280,General Inquiry,Resolved,2025-09-02 16:50:10,2025-09-02 20:25:00,Support Team
560281,CALL1045,Ticket #560281,General Inquiry,Resolved,2025-09-02 16:50:10,2025-09-02 21:40:00,Support Team
560282,CALL1046,Ticket #560282,General Inquiry,Ticket generated,2025-09-01 10:25:25,,Support Team
560283,CALL1046,Ticket #560283,General Inquiry,Resolved,2025-09-01 10:25:25,2025-09-01 15:10:00,Support Team
560284,CALL1046,Ticket #560284,General Inquiry,Ticket generated,2025-09-01 10:25:25,,Support Team
560285,CALL1048,Ticket #560285,General Inquiry,Resolved,2025-08-30 09:55:15,2025-08-30 14:30:00,Support Team
560286,CALL1049,Ticket #560286,General Inquiry,Ticket generated,2025-08-29 13:20:10,,Support Team
560287,CALL1049,Ticket #560287,General Inquiry,Resolved,2025-08-29 13:20:10,2025-08-29 18:35:00,Support Team
560288,CALL1049,Ticket #560288,General Inquiry,Ticket generated,2025-08-29 13:20:10,,Support Team
560289,CALL1049,Ticket #560289,General Inquiry,Ticket generated,2025-08-29 13:20:10,,Support Team
560290,CALL1051,Ticket #560290,General Inquiry,Resolved,2025-08-27 15:30:40,2025-08-27 19:45:00,Support Team
560291,CALL1051,Ticket #560291,General Inquiry,Resolved,2025-08-27 15:30:40,2025-08-27 20:20:00,Support Team
560292,CALL1052,Ticket #560292,General Inquiry,Ticket generated,2025-08-26 08:35:15,,Support Team
560293,CALL1052,Ticket #560293,General Inquiry,Resolved,2025-08-26 08:35:15,2025-08-26 13:50:00,Support Team
560294,CALL1052,Ticket #560294,General Inquiry,Ticket generated,2025-08-26 08:35:15,,Support Team
560295,CALL1052,Ticket #560295,General Inquiry,Resolved,2025-08-26 08:35:15,2025-08-26 14:25:00,Support Team
560296,CALL1052,Ticket #560296,General Inquiry,Ticket generated,2025-08-26 08:35:15,,Support Team
560297,CALL1054,Ticket #560297,Billing Inquiry,Resolved,2025-08-24 16:25:25,2025-08-24 20:40:00,Billing Team
560298,CALL1054,Ticket #560298,Billing Inquiry,Resolved,2025-08-24 16:25:25,2025-08-24 21:15:00,Billing Team
560299,CALL1054,Ticket #560299,Billing Inquiry,Resolved,2025-08-24 16:25:25,2025-08-25 08:30:00,Billing Team
560300,CALL1055,Ticket #560300,General Inquiry,Ticket generated,2025-08-23 10:40:30,,Support Team
560301,CALL1056,Ticket #560301,General Inquiry,Ticket generated,2025-08-22 14:55:15,,Support Team
560302,CALL1056,Ticket #560302,General Inquiry,Resolved,2025-08-22 14:55:15,2025-08-22 19:20:00,Support Team
560303,CALL1056,Ticket #560303,General Inquiry,Ticket generated,2025-08-22 14:55:15,,Support Team
560304,CALL1056,Ticket #560304,General Inquiry,Ticket generated,2025-08-22 14:55:15,,Support Team
560305,CALL1057,Ticket #560305,Technical Support,Resolved,2025-08-21 09:20:10,2025-08-21 13:35:00,Technical Team
560306,CALL1057,Ticket #560306,Technical Support,Resolved,2025-08-21 09:20:10,2025-08-21 14:50:00,Technical Team
560307,CALL1058,Ticket #560307,General Inquiry,Ticket generated,2025-08-20 13:35:25,,Support Team
560308,CALL1058,Ticket #560308,General Inquiry,Resolved,2025-08-20 13:35:25,2025-08-20 18:20:00,Support Team
560309,CALL1058,Ticket #560309,General Inquiry,Ticket generated,2025-08-20 13:35:25,,Support Team
560310,CALL1058,Ticket #560310,General Inquiry,Resolved,2025-08-20 13:35:25,2025-08-20 19:45:00,Support Team
560311,CALL1058,Ticket #560311,General Inquiry,Ticket generated,2025-08-20 13:35:25,,Support Team
560312,CALL1060,Ticket #560312,Product Feedback,Resolved,2025-08-18 15:25:15,2025-08-18 19:40:00,Support Team
560313,CALL1060,Ticket #560313,Product Feedback,Resolved,2025-08-18 15:25:15,2025-08-18 20:25:00,Support Team
560314,CALL1060,Ticket #560314,Product Feedback,Resolved,2025-08-18 15:25:15,2025-08-19 08:50:00,Support Team
560315,CALL1061,Ticket #560315,General Inquiry,Ticket generated,2025-08-17 08:40:10,,Support Team
560316,CALL1063,Ticket #560316,General Inquiry,Resolved,2025-08-15 16:20:40,2025-08-15 20:35:00,Support Team
560317,CALL1063,Ticket #560317,General Inquiry,Resolved,2025-08-15 16:20:40,2025-08-15 21:20:00,Support Team
560318,CALL1063,Ticket #560318,General Inquiry,Resolved,2025-08-15 16:20:40,2025-08-16 08:45:00,Support Team
560319,CALL1063,Ticket #560319,General Inquiry,Resolved,2025-08-15 16:20:40,2025-08-16 09:30:00,Support Team
560320,CALL1064,Ticket #560320,General Inquiry,Ticket generated,2025-08-14 10:35:15,,Support Team
560321,CALL1064,Ticket #560321,General Inquiry,Resolved,2025-08-14 10:35:15,2025-08-14 15:20:00,Support Team
560322,CALL1066,Ticket #560322,Technical Support,Resolved,2025-08-12 09:25:25,2025-08-12 14:40:00,Technical Team
560323,CALL1066,Ticket #560323,Technical Support,Resolved,2025-08-12 09:25:25,2025-08-12 15:55:00,Technical Team
560324,CALL1066,Ticket #560324,Technical Support,Resolved,2025-08-12 09:25:25,2025-08-12 16:30:00,Technical Team
560325,CALL1066,Ticket #560325,Technical Support,Resolved,2025-08-12 09:25:25,2025-08-12 17:45:00,Technical Team
560326,CALL1066,Ticket #560326,Technical Support,Resolved,2025-08-12 09:25:25,2025-08-12 18:20:00,Technical Team
560327,CALL1067,Ticket #560327,Billing Inquiry,Ticket generated,2025-08-11 13:40:30,,Billing Team
560328,CALL1067,Ticket #560328,Billing Inquiry,Resolved,2025-08-11 13:40:30,2025-08-11 18:25:00,Billing Team
560329,CALL1067,Ticket #560329,Billing Inquiry,Ticket generated,2025-08-11 13:40:30,,Billing Team
560330,CALL1068,Ticket #560330,General Inquiry,Ticket generated,2025-08-10 11:55:15,,Support Team
560331,CALL1069,Ticket #560331,General Inquiry,Resolved,2025-08-09 15:20:10,2025-08-09 19:35:00,Support Team
560332,CALL1069,Ticket #560332,General Inquiry,Resolved,2025-08-09 15:20:10,2025-08-09 20:50:00,Support Team
560333,CALL1069,Ticket #560333,General Inquiry,Resolved,2025-08-09 15:20:10,2025-08-10 08:15:00,Support Team
560334,CALL1069,Ticket #560334,General Inquiry,Resolved,2025-08-09 15:20:10,2025-08-10 09:40:00,Support Team
560335,CALL1070,Ticket #560335,Technical Support,Ticket generated,2025-08-08 08:45:25,,Technical Team
560336,CALL1070,Ticket #560336,Technical Support,Resolved,2025-08-08 08:45:25,2025-08-08 13:20:00,Technical Team
560337,CALL1072,Ticket #560337,General Inquiry,Resolved,2025-08-06 16:45:15,2025-08-06 20:30:00,Support Team
560338,CALL1072,Ticket #560338,General Inquiry,Resolved,2025-08-06 16:45:15,2025-08-06 21:45:00,Support Team
560339,CALL1072,Ticket #560339,General Inquiry,Resolved,2025-08-06 16:45:15,2025-08-07 08:20:00,Support Team
560340,CALL1073,Ticket #560340,Product Feedback,Ticket generated,2025-08-05 11:00:10,,Support Team
560341,CALL1075,Ticket #560341,General Inquiry,Resolved,2025-08-03 09:40:30,2025-08-03 14:25:00,Support Team
560342,CALL1075,Ticket #560342,General Inquiry,Resolved,2025-08-03 09:40:30,2025-08-03 15:40:00,Support Team
560343,CALL1075,Ticket #560343,General Inquiry,Resolved,2025-08-03 09:40:30,2025-08-03 16:55:00,Support Team
560344,CALL1075,Ticket #560344,General Inquiry,Resolved,2025-08-03 09:40:30,2025-08-03 17:30:00,Support Team
560345,CALL1075,Ticket #560345,General Inquiry,Resolved,2025-08-03 09:40:30,2025-08-03 18:45:00,Support Team
560346,CALL1076,Ticket #560346,General Inquiry,Ticket generated,2025-08-02 13:55:15,,Support Team
560347,CALL1076,Ticket #560347,General Inquiry,Resolved,2025-08-02 13:55:15,2025-08-02 18:20:00,Support Team
560348,CALL1078,Ticket #560348,General Inquiry,Resolved,2025-07-31 15:35:25,2025-07-31 19:50:00,Support Team
560349,CALL1078,Ticket #560349,General Inquiry,Resolved,2025-07-31 15:35:25,2025-07-31 20:35:00,Support Team
560350,CALL1078,Ticket #560350,General Inquiry,Resolved,2025-07-31 15:35:25,2025-08-01 08:40:00,Support Team
560351,CALL1078,Ticket #560351,General Inquiry,Resolved,2025-07-31 15:35:25,2025-08-01 09:25:00,Support Team
560352,CALL1079,Ticket #560352,Technical Support,Ticket generated,2025-07-30 08:50:30,,Technical Team
560353,CALL1079,Ticket #560353,Technical Support,Resolved,2025-07-30 08:50:30,2025-07-30 13:15:00,Technical Team
560354,CALL1079,Ticket #560354,Technical Support,Ticket generated,2025-07-30 08:50:30,,Technical Team
560355,CALL1080,Ticket #560355,Billing Inquiry,Ticket generated,2025-07-29 12:25:15,,Billing Team
560356,CALL1081,Ticket #560356,General Inquiry,Resolved,2025-07-28 16:40:10,2025-07-28 20:25:00,Support Team
560357,CALL1081,Ticket #560357,General Inquiry,Resolved,2025-07-28 16:40:10,2025-07-28 21:40:00,Support Team
560358,CALL1082,Ticket #560358,General Inquiry,Ticket generated,2025-07-27 10:55:25,,Support Team
560359,CALL1082,Ticket #560359,General Inquiry,Resolved,2025-07-27 10:55:25,2025-07-27 15:30:00,Support Team
560360,CALL1082,Ticket #560360,General Inquiry,Ticket generated,2025-07-27 10:55:25,,Support Team
560361,CALL1082,Ticket #560361,General Inquiry,Resolved,2025-07-27 10:55:25,2025-07-27 16:45:00,Support Team
560362,CALL1082,Ticket #560362,General Inquiry,Ticket generated,2025-07-27 10:55:25,,Support Team
560363,CALL1084,Ticket #560363,General Inquiry,Resolved,2025-07-25 09:45:15,2025-07-25 14:20:00,Support Team
560364,CALL1084,Ticket #560364,General Inquiry,Resolved,2025-07-25 09:45:15,2025-07-25 15:35:00,Support Team
560365,CALL1084,Ticket #560365,General Inquiry,Resolved,2025-07-25 09:45:15,2025-07-25 16:50:00,Support Team
560366,CALL1085,Ticket #560366,General Inquiry,Ticket generated,2025-07-24 13:30:10,,Support Team
560367,CALL1087,Ticket #560367,General Inquiry,Resolved,2025-07-22 16:00:30,2025-07-22 20:15:00,Support Team
560368,CALL1087,Ticket #560368,General Inquiry,Resolved,2025-07-22 16:00:30,2025-07-22 21:30:00,Support Team
560369,CALL1087,Ticket #560369,General Inquiry,Resolved,2025-07-22 16:00:30,2025-07-23 08:45:00,Support Team
560370,CALL1087,Ticket #560370,General Inquiry,Resolved,2025-07-22 16:00:30,2025-07-23 09:20:00,Support Team
560371,CALL1088,Ticket #560371,General Inquiry,Ticket generated,2025-07-21 08:25:15,,Support Team
560372,CALL1088,Ticket #560372,General Inquiry,Resolved,2025-07-21 08:25:15,2025-07-21 13:40:00,Support Team
560373,CALL1090,Ticket #560373,General Inquiry,Resolved,2025-07-19 16:55:25,2025-07-19 21:10:00,Support Team
560374,CALL1090,Ticket #560374,General Inquiry,Resolved,2025-07-19 16:55:25,2025-07-19 22:25:00,Support Team
560375,CALL1090,Ticket #560375,General Inquiry,Resolved,2025-07-19 16:55:25,2025-07-20 08:40:00,Support Team
560376,CALL1090,Ticket #560376,General Inquiry,Resolved,2025-07-19 16:55:25,2025-07-20 09:55:00,Support Team
560377,CALL1090,Ticket #560377,General Inquiry,Resolved,2025-07-19 16:55:25,2025-07-20 10:30:00,Support Team
560378,CALL1091,Ticket #560378,General Inquiry,Ticket generated,2025-07-18 10:20:30,,Support Team
560379,CALL1091,Ticket #560379,General Inquiry,Resolved,2025-07-18 10:20:30,2025-07-18 15:35:00,Support Team
560380,CALL1091,Ticket #560380,General Inquiry,Ticket generated,2025-07-18 10:20:30,,Support Team
560381,CALL1092,Ticket #560381,Technical Support,Ticket generated,2025-07-17 14:35:15,,Technical Team
560382,CALL1093,Ticket #560382,Billing Inquiry,Resolved,2025-07-16 09:50:10,2025-07-16 14:25:00,Billing Team
560383,CALL1093,Ticket #560383,Billing Inquiry,Resolved,2025-07-16 09:50:10,2025-07-16 15:40:00,Billing Team
560384,CALL1093,Ticket #560384,Billing Inquiry,Resolved,2025-07-16 09:50:10,2025-07-16 16:55:00,Billing Team
560385,CALL1093,Ticket #560385,Billing Inquiry,Resolved,2025-07-16 09:50:10,2025-07-16 17:30:00,Billing Team
560386,CALL1094,Ticket #560386,General Inquiry,Ticket generated,2025-07-15 13:25:25,,Support Team
560387,CALL1094,Ticket #560387,General Inquiry,Resolved,2025-07-15 13:25:25,2025-07-15 18:10:00,Support Team
560388,CALL1096,Ticket #560388,Technical Support,Resolved,2025-07-13 15:55:15,2025-07-13 20:20:00,Technical Team
560389,CALL1096,Ticket #560389,Technical Support,Resolved,2025-07-13 15:55:15,2025-07-13 21:35:00,Technical Team
560390,CALL1096,Ticket #560390,Technical Support,Resolved,2025-07-13 15:55:15,2025-07-14 08:50:00,Technical Team
560391,CALL1097,Ticket #560391,General Inquiry,Ticket generated,2025-07-12 08:20:10,,Support Team
560392,CALL1099,Ticket #560392,Product Feedback,Resolved,2025-07-10 16:50:30,2025-07-10 21:15:00,Support Team
560393,CALL1099,Ticket #560393,Product Feedback,Resolved,2025-07-10 16:50:30,2025-07-10 22:30:00,Support Team
560394,CALL1099,Ticket #560394,Product Feedback,Resolved,2025-07-10 16:50:30,2025-07-11 08:45:00,Support Team
560395,CALL1099,Ticket #560395,Product Feedback,Resolved,2025-07-10 16:50:30,2025-07-11 09:20:00,Support Team
560396,CALL1099,Ticket #560396,Product Feedback,Resolved,2025-07-10 16:50:30,2025-07-11 10:35:00,Support Team
560397,CALL1100,Ticket #560397,General Inquiry,Ticket generated,2025-07-09 10:25:15,,Support Team
560398,CALL1100,Ticket #560398,General Inquiry,Resolved,2025-07-09 10:25:15,2025-07-09 15:40:00,Support Team
560399,CALL1102,Ticket #560399,General Inquiry,Resolved,2025-06-29 09:55:25,2025-06-29 14:30:00,Support Team
560400,CALL1102,Ticket #560400,General Inquiry,Resolved,2025-06-29 09:55:25,2025-06-29 15:45:00,Support Team
560401,CALL1102,Ticket #560401,General Inquiry,Resolved,2025-06-29 09:55:25,2025-06-29 16:20:00,Support Team
560402,CALL1102,Ticket #560402,General Inquiry,Resolved,2025-06-29 09:55:25,2025-06-29 17:35:00,Support Team
560403,CALL1103,Ticket #560403,General Inquiry,Ticket generated,2025-06-28 13:20:30,,Support Team
560404,CALL1103,Ticket #560404,General Inquiry,Resolved,2025-06-28 13:20:30,2025-06-28 18:45:00,Support Team
560405,CALL1103,Ticket #560405,General Inquiry,Ticket generated,2025-06-28 13:20:30,,Support Team
560406,CALL1104,Ticket #560406,General Inquiry,Ticket generated,2025-06-27 11:45:15,,Support Team
560407,CALL1105,Ticket #560407,Technical Support,Resolved,2025-06-26 15:30:10,2025-06-26 19:45:00,Technical Team
560408,CALL1105,Ticket #560408,Technical Support,Resolved,2025-06-26 15:30:10,2025-06-26 20:20:00,Technical Team
560409,CALL1106,Ticket #560409,Billing Inquiry,Ticket generated,2025-06-25 08:55:25,,Billing Team
560410,CALL1106,Ticket #560410,Billing Inquiry,Resolved,2025-06-25 08:55:25,2025-06-25 13:30:00,Billing Team
560411,CALL1106,Ticket #560411,Billing Inquiry,Ticket generated,2025-06-25 08:55:25,,Billing Team
560412,CALL1106,Ticket #560412,Billing Inquiry,Resolved,2025-06-25 08:55:25,2025-06-25 14:45:00,Billing Team
560413,CALL1106,Ticket #560413,Billing Inquiry,Ticket generated,2025-06-25 08:55:25,,Billing Team
560414,CALL1108,Ticket #560414,General Inquiry,Resolved,2025-06-23 16:35:15,2025-06-23 20:50:00,Support Team
560415,CALL1108,Ticket #560415,General Inquiry,Resolved,2025-06-23 16:35:15,2025-06-23 21:25:00,Support Team
560416,CALL1108,Ticket #560416,General Inquiry,Resolved,2025-06-23 16:35:15,2025-06-24 08:40:00,Support Team
560417,CALL1109,Ticket #560417,Technical Support,Ticket generated,2025-06-22 10:50:10,,Technical Team
560418,CALL1111,Ticket #560418,General Inquiry,Resolved,2025-05-31 09:40:30,2025-05-31 14:25:00,Support Team
560419,CALL1111,Ticket #560419,General Inquiry,Resolved,2025-05-31 09:40:30,2025-05-31 15:40:00,Support Team
560420,CALL1111,Ticket #560420,General Inquiry,Resolved,2025-05-31 09:40:30,2025-05-31 16:55:00,Support Team
560421,CALL1111,Ticket #560421,General Inquiry,Resolved,2025-05-31 09:40:30,2025-05-31 17:30:00,Support Team
560422,CALL1112,Ticket #560422,Product Feedback,Ticket generated,2025-05-30 13:55:15,,Support Team
560423,CALL1112,Ticket #560423,Product Feedback,Resolved,2025-05-30 13:55:15,2025-05-30 18:20:00,Support Team
560424,CALL1114,Ticket #560424,General Inquiry,Resolved,2025-05-28 15:35:25,2025-05-28 19:50:00,Support Team
560425,CALL1114,Ticket #560425,General Inquiry,Resolved,2025-05-28 15:35:25,2025-05-28 20:35:00,Support Team
560426,CALL1114,Ticket #560426,General Inquiry,Resolved,2025-05-28 15:35:25,2025-05-29 08:40:00,Support Team
560427,CALL1114,Ticket #560427,General Inquiry,Resolved,2025-05-28 15:35:25,2025-05-29 09:25:00,Support Team
560428,CALL1114,Ticket #560428,General Inquiry,Resolved,2025-05-28 15:35:25,2025-05-29 10:50:00,Support Team
560429,CALL1115,Ticket #560429,General Inquiry,Ticket generated,2025-05-27 08:50:30,,Support Team
560430,CALL1115,Ticket #560430,General Inquiry,Resolved,2025-05-27 08:50:30,2025-05-27 13:15:00,Support Team
560431,CALL1115,Ticket #560431,General Inquiry,Ticket generated,2025-05-27 08:50:30,,Support Team
560432,CALL1116,Ticket #560432,General Inquiry,Ticket generated,2025-05-26 12:25:15,,Support Team
560433,CALL1117,Ticket #560433,General Inquiry,Resolved,2025-05-25 16:40:10,2025-05-25 20:55:00,Support Team
560434,CALL1117,Ticket #560434,General Inquiry,Resolved,2025-05-25 16:40:10,2025-05-25 21:30:00,Support Team
560435,CALL1117,Ticket #560435,General Inquiry,Resolved,2025-05-25 16:40:10,2025-05-26 08:45:00,Support Team
560436,CALL1117,Ticket #560436,General Inquiry,Resolved,2025-05-25 16:40:10,2025-05-26 09:20:00,Support Team
560437,CALL1118,Ticket #560437,Technical Support,Ticket generated,2025-05-24 10:55:25,,Technical Team
560438,CALL1118,Ticket #560438,Technical Support,Resolved,2025-05-24 10:55:25,2025-05-24 15:30:00,Technical Team
560439,CALL1120,Ticket #560439,General Inquiry,Resolved,2025-05-22 09:45:15,2025-05-22 14:20:00,Support Team
560440,CALL1120,Ticket #560440,General Inquiry,Resolved,2025-05-22 09:45:15,2025-05-22 15:35:00,Support Team
560441,CALL1120,Ticket #560441,General Inquiry,Resolved,2025-05-22 09:45:15,2025-05-22 16:50:00,Support Team
560442,CALL1121,Ticket #560442,General Inquiry,Ticket generated,2025-04-30 13:30:10,,Support Team
560443,CALL1123,Ticket #560443,General Inquiry,Resolved,2025-04-28 16:00:30,2025-04-28 20:15:00,Support Team
560444,CALL1123,Ticket #560444,General Inquiry,Resolved,2025-04-28 16:00:30,2025-04-28 21:30:00,Support Team
560445,CALL1123,Ticket #560445,General Inquiry,Resolved,2025-04-28 16:00:30,2025-04-29 08:45:00,Support Team
560446,CALL1123,Ticket #560446,General Inquiry,Resolved,2025-04-28 16:00:30,2025-04-29 09:20:00,Support Team
560447,CALL1123,Ticket #560447,General Inquiry,Resolved,2025-04-28 16:00:30,2025-04-29 10:35:00,Support Team
560448,CALL1124,Ticket #560448,General Inquiry,Ticket generated,2025-04-27 08:25:15,,Support Team
560449,CALL1124,Ticket #560449,General Inquiry,Resolved,2025-04-27 08:25:15,2025-04-27 13:40:00,Support Team
560450,CALL1126,Ticket #560450,General Inquiry,Resolved,2025-04-25 16:55:25,2025-04-25 21:10:00,Support Team
560451,CALL1126,Ticket #560451,General Inquiry,Resolved,2025-04-25 16:55:25,2025-04-25 22:25:00,Support Team
560452,CALL1126,Ticket #560452,General Inquiry,Resolved,2025-04-25 16:55:25,2025-04-26 08:40:00,Support Team
560453,CALL1126,Ticket #560453,General Inquiry,Resolved,2025-04-25 16:55:25,2025-04-26 09:55:00,Support Team
560454,CALL1127,Ticket #560454,General Inquiry,Ticket generated,2025-04-24 10:20:30,,Support Team
560455,CALL1127,Ticket #560455,General Inquiry,Resolved,2025-04-24 10:20:30,2025-04-24 15:35:00,Support Team
560456,CALL1127,Ticket #560456,General Inquiry,Ticket generated,2025-04-24 10:20:30,,Support Team
560457,CALL1128,Ticket #560457,General Inquiry,Ticket generated,2025-04-23 14:35:15,,Support Team
560458,CALL1129,Ticket #560458,General Inquiry,Resolved,2025-04-22 09:50:10,2025-04-22 14:25:00,Support Team
560459,CALL1129,Ticket #560459,General Inquiry,Resolved,2025-04-22 09:50:10,2025-04-22 15:40:00,Support Team
560460,CALL1130,Ticket #560460,General Inquiry,Ticket generated,2025-04-21 13:25:25,,Support Team
560461,CALL1130,Ticket #560461,General Inquiry,Resolved,2025-04-21 13:25:25,2025-04-21 18:10:00,Support Team
560462,CALL1130,Ticket #560462,General Inquiry,Ticket generated,2025-04-21 13:25:25,,Support Team
560463,CALL1130,Ticket #560463,General Inquiry,Resolved,2025-04-21 13:25:25,2025-04-21 19:45:00,Support Team
560464,CALL1130,Ticket #560464,General Inquiry,Ticket generated,2025-04-21 13:25:25,,Support Team
560465,CALL1132,Ticket #560465,Billing Inquiry,Resolved,2025-03-30 15:55:15,2025-03-30 20:20:00,Billing Team
560466,CALL1132,Ticket #560466,Billing Inquiry,Resolved,2025-03-30 15:55:15,2025-03-30 21:35:00,Billing Team
560467,CALL1132,Ticket #560467,Billing Inquiry,Resolved,2025-03-30 15:55:15,2025-03-31 08:50:00,Billing Team
560468,CALL1133,Ticket #560468,General Inquiry,Ticket generated,2025-03-29 08:20:10,,Support Team
560469,CALL1135,Ticket #560469,Technical Support,Resolved,2025-03-27 16:50:30,2025-03-27 21:15:00,Technical Team
560470,CALL1135,Ticket #560470,Technical Support,Resolved,2025-03-27 16:50:30,2025-03-27 22:30:00,Technical Team
560471,CALL1135,Ticket #560471,Technical Support,Resolved,2025-03-27 16:50:30,2025-03-28 08:45:00,Technical Team
560472,CALL1135,Ticket #560472,Technical Support,Resolved,2025-03-27 16:50:30,2025-03-28 09:20:00,Technical Team
560473,CALL1136,Ticket #560473,General Inquiry,Ticket generated,2025-03-26 10:25:15,,Support Team
560474,CALL1136,Ticket #560474,General Inquiry,Resolved,2025-03-26 10:25:15,2025-03-26 15:40:00,Support Team
560475,CALL1138,Ticket #560475,Product Feedback,Resolved,2025-03-24 09:55:25,2025-03-24 14:30:00,Support Team
560476,CALL1138,Ticket #560476,Product Feedback,Resolved,2025-03-24 09:55:25,2025-03-24 15:45:00,Support Team
560477,CALL1138,Ticket #560477,Product Feedback,Resolved,2025-03-24 09:55:25,2025-03-24 16:20:00,Support Team
560478,CALL1138,Ticket #560478,Product Feedback,Resolved,2025-03-24 09:55:25,2025-03-24 17:35:00,Support Team
560479,CALL1138,Ticket #560479,Product Feedback,Resolved,2025-03-24 09:55:25,2025-03-24 18:50:00,Support Team
560480,CALL1139,Ticket #560480,General Inquiry,Ticket generated,2025-03-23 13:20:30,,Support Team
560481,CALL1139,Ticket #560481,General Inquiry,Resolved,2025-03-23 13:20:30,2025-03-23 18:45:00,Support Team
560482,CALL1139,Ticket #560482,General Inquiry,Ticket generated,2025-03-23 13:20:30,,Support Team
560483,CALL1140,Ticket #560483,General Inquiry,Ticket generated,2025-03-22 11:45:15,,Support Team
560484,CALL1141,Ticket #560484,General Inquiry,Resolved,2025-02-28 15:30:10,2025-02-28 19:45:00,Support Team
560485,CALL1141,Ticket #560485,General Inquiry,Resolved,2025-02-28 15:30:10,2025-02-28 20:20:00,Support Team
560486,CALL1141,Ticket #560486,General Inquiry,Resolved,2025-02-28 15:30:10,2025-03-01 08:35:00,Support Team
560487,CALL1141,Ticket #560487,General Inquiry,Resolved,2025-02-28 15:30:10,2025-03-01 09:50:00,Support Team
560488,CALL1142,Ticket #560488,General Inquiry,Ticket generated,2025-02-27 08:55:25,,Support Team
560489,CALL1142,Ticket #560489,General Inquiry,Resolved,2025-02-27 08:55:25,2025-02-27 13:30:00,Support Team
560490,CALL1144,Ticket #560490,Technical Support,Resolved,2025-02-25 16:35:15,2025-02-25 20:50:00,Technical Team
560491,CALL1144,Ticket #560491,Technical Support,Resolved,2025-02-25 16:35:15,2025-02-25 21:25:00,Technical Team
560492,CALL1144,Ticket #560492,Technical Support,Resolved,2025-02-25 16:35:15,2025-02-26 08:40:00,Technical Team
560493,CALL1145,Ticket #560493,Billing Inquiry,Ticket generated,2025-02-24 10:50:10,,Billing Team
560494,CALL1147,Ticket #560494,General Inquiry,Resolved,2025-02-22 09:40:30,2025-02-22 14:25:00,Support Team
560495,CALL1147,Ticket #560495,General Inquiry,Resolved,2025-02-22 09:40:30,2025-02-22 15:40:00,Support Team
560496,CALL1147,Ticket #560496,General Inquiry,Resolved,2025-02-22 09:40:30,2025-02-22 16:55:00,Support Team
560497,CALL1147,Ticket #560497,General Inquiry,Resolved,2025-02-22 09:40:30,2025-02-22 17:30:00,Support Team
560498,CALL1147,Ticket #560498,General Inquiry,Resolved,2025-02-22 09:40:30,2025-02-22 18:45:00,Support Team
560499,CALL1148,Ticket #560499,Technical Support,Ticket generated,2025-02-21 13:55:15,,Technical Team
560500,CALL1148,Ticket #560500,Technical Support,Resolved,2025-02-21 13:55:15,2025-02-21 18:20:00,Technical Team
560501,CALL1150,Ticket #560501,General Inquiry,Resolved,2025-02-19 15:35:25,2025-02-19 19:50:00,Support Team
560502,CALL1150,Ticket #560502,General Inquiry,Resolved,2025-02-19 15:35:25,2025-02-19 20:35:00,Support Team
560503,CALL1150,Ticket #560503,General Inquiry,Resolved,2025-02-19 15:35:25,2025-02-20 08:40:00,Support Team
560504,CALL1150,Ticket #560504,General Inquiry,Resolved,2025-02-19 15:35:25,2025-02-20 09:25:00,Support Team
560505,CALL1151,Ticket #560505,Product Feedback,Ticket generated,2025-01-31 08:50:30,,Support Team
560506,CALL1151,Ticket #560506,Product Feedback,Resolved,2025-01-31 08:50:30,2025-01-31 13:15:00,Support Team
560507,CALL1151,Ticket #560507,Product Feedback,Ticket generated,2025-01-31 08:50:30,,Support Team
560508,CALL1152,Ticket #560508,General Inquiry,Ticket generated,2025-01-30 12:25:15,,Support Team
560509,CALL1153,Ticket #560509,General Inquiry,Resolved,2025-01-29 16:40:10,2025-01-29 20:25:00,Support Team
560510,CALL1153,Ticket #560510,General Inquiry,Resolved,2025-01-29 16:40:10,2025-01-29 21:40:00,Support Team
560511,CALL1154,Ticket #560511,General Inquiry,Ticket generated,2025-01-28 10:55:25,,Support Team
560512,CALL1154,Ticket #560512,General Inquiry,Resolved,2025-01-28 10:55:25,2025-01-28 15:30:00,Support Team
560513,CALL1154,Ticket #560513,General Inquiry,Ticket generated,2025-01-28 10:55:25,,Support Team
560514,CALL1154,Ticket #560514,General Inquiry,Resolved,2025-01-28 10:55:25,2025-01-28 16:45:00,Support Team
560515,CALL1154,Ticket #560515,General Inquiry,Ticket generated,2025-01-28 10:55:25,,Support Team
560516,CALL1156,Ticket #560516,General Inquiry,Resolved,2025-01-26 09:45:15,2025-01-26 14:20:00,Support Team
560517,CALL1156,Ticket #560517,General Inquiry,Resolved,2025-01-26 09:45:15,2025-01-26 15:35:00,Support Team
560518,CALL1156,Ticket #560518,General Inquiry,Resolved,2025-01-26 09:45:15,2025-01-26 16:50:00,Support Team
560519,CALL1157,Ticket #560519,Technical Support,Ticket generated,2025-01-25 13:30:10,,Technical Team
560520,CALL1159,Ticket #560520,General Inquiry,Resolved,2025-01-23 16:00:30,2025-01-23 20:15:00,Support Team
560521,CALL1159,Ticket #560521,General Inquiry,Resolved,2025-01-23 16:00:30,2025-01-23 21:30:00,Support Team
560522,CALL1159,Ticket #560522,General Inquiry,Resolved,2025-01-23 16:00:30,2025-01-24 08:45:00,Support Team
560523,CALL1159,Ticket #560523,General Inquiry,Resolved,2025-01-23 16:00:30,2025-01-24 09:20:00,Support Team
560524,CALL1160,Ticket #560524,General Inquiry,Ticket generated,2025-01-22 08:25:15,,Support Team
560525,CALL1160,Ticket #560525,General Inquiry,Resolved,2025-01-22 08:25:15,2025-01-22 13:40:00,Support Team
560526,CALL1162,Ticket #560526,General Inquiry,Resolved,2025-01-20 16:55:25,2025-01-20 21:10:00,Support Team
560527,CALL1162,Ticket #560527,General Inquiry,Resolved,2025-01-20 16:55:25,2025-01-20 22:25:00,Support Team
560528,CALL1162,Ticket #560528,General Inquiry,Resolved,2025-01-20 16:55:25,2025-01-21 08:40:00,Support Team
560529,CALL1162,Ticket #560529,General Inquiry,Resolved,2025-01-20 16:55:25,2025-01-21 09:55:00,Support Team
560530,CALL1162,Ticket #560530,General Inquiry,Resolved,2025-01-20 16:55:25,2025-01-21 10:30:00,Support Team
560531,CALL1163,Ticket #560531,General Inquiry,Ticket generated,2025-01-19 10:20:30,,Support Team
560532,CALL1163,Ticket #560532,General Inquiry,Resolved,2025-01-19 10:20:30,2025-01-19 15:35:00,Support Team
560533,CALL1163,Ticket #560533,General Inquiry,Ticket generated,2025-01-19 10:20:30,,Support Team
560534,CALL1164,Ticket #560534,Product Feedback,Ticket generated,2025-01-18 14:35:15,,Support Team
560535,CALL1165,Ticket #560535,General Inquiry,Resolved,2025-01-17 09:50:10,2025-01-17 14:25:00,Support Team
560536,CALL1165,Ticket #560536,General Inquiry,Resolved,2025-01-17 09:50:10,2025-01-17 15:40:00,Support Team
560537,CALL1165,Ticket #560537,General Inquiry,Resolved,2025-01-17 09:50:10,2025-01-17 16:55:00,Support Team
560538,CALL1165,Ticket #560538,General Inquiry,Resolved,2025-01-17 09:50:10,2025-01-17 17:30:00,Support Team
560539,CALL1166,Ticket #560539,General Inquiry,Ticket generated,2025-01-16 13:25:25,,Support Team
560540,CALL1166,Ticket #560540,General Inquiry,Resolved,2025-01-16 13:25:25,2025-01-16 18:10:00,Support Team
560541,CALL1168,Ticket #560541,General Inquiry,Resolved,2025-01-14 15:55:15,2025-01-14 20:20:00,Support Team
560542,CALL1168,Ticket #560542,General Inquiry,Resolved,2025-01-14 15:55:15,2025-01-14 21:35:00,Support Team
560543,CALL1168,Ticket #560543,General Inquiry,Resolved,2025-01-14 15:55:15,2025-01-15 08:50:00,Support Team
560544,CALL1169,Ticket #560544,General Inquiry,Ticket generated,2025-01-13 08:20:10,,Support Team
560545,CALL1171,Ticket #560545,Billing Inquiry,Resolved,2025-01-11 16:50:30,2025-01-11 21:15:00,Billing Team
560546,CALL1171,Ticket #560546,Billing Inquiry,Resolved,2025-01-11 16:50:30,2025-01-11 22:30:00,Billing Team
560547,CALL1171,Ticket #560547,Billing Inquiry,Resolved,2025-01-11 16:50:30,2025-01-12 08:45:00,Billing Team
560548,CALL1171,Ticket #560548,Billing Inquiry,Resolved,2025-01-11 16:50:30,2025-01-12 09:20:00,Billing Team
560549,CALL1171,Ticket #560549,Billing Inquiry,Resolved,2025-01-11 16:50:30,2025-01-12 10:35:00,Billing Team
560550,CALL1172,Ticket #560550,General Inquiry,Ticket generated,2025-01-10 10:25:15,,Support Team
560551,CALL1172,Ticket #560551,General Inquiry,Resolved,2025-01-10 10:25:15,2025-01-10 15:40:00,Support Team
560552,CALL1174,Ticket #560552,Technical Support,Resolved,2025-01-08 09:55:25,2025-01-08 14:30:00,Technical Team
560553,CALL1174,Ticket #560553,Technical Support,Resolved,2025-01-08 09:55:25,2025-01-08 15:45:00,Technical Team
560554,CALL1174,Ticket #560554,Technical Support,Resolved,2025-01-08 09:55:25,2025-01-08 16:20:00,Technical Team
560555,CALL1174,Ticket #560555,Technical Support,Resolved,2025-01-08 09:55:25,2025-01-08 17:35:00,Technical Team
560556,CALL1175,Ticket #560556,General Inquiry,Ticket generated,2025-01-07 13:20:30,,Support Team
560557,CALL1175,Ticket #560557,General Inquiry,Resolved,2025-01-07 13:20:30,2025-01-07 18:45:00,Support Team
560558,CALL1175,Ticket #560558,General Inquiry,Ticket generated,2025-01-07 13:20:30,,Support Team
560559,CALL1176,Ticket #560559,General Inquiry,Ticket generated,2025-01-06 11:45:15,,Support Team
560560,CALL1177,Ticket #560560,Product Feedback,Resolved,2025-01-05 15:30:10,2025-01-05 19:45:00,Support Team
560561,CALL1177,Ticket #560561,Product Feedback,Resolved,2025-01-05 15:30:10,2025-01-05 20:20:00,Support Team
560562,CALL1178,Ticket #560562,General Inquiry,Ticket generated,2025-01-04 08:55:25,,Support Team
560563,CALL1178,Ticket #560563,General Inquiry,Resolved,2025-01-04 08:55:25,2025-01-04 13:30:00,Support Team
560564,CALL1178,Ticket #560564,General Inquiry,Ticket generated,2025-01-04 08:55:25,,Support Team
560565,CALL1178,Ticket #560565,General Inquiry,Resolved,2025-01-04 08:55:25,2025-01-04 14:45:00,Support Team
560566,CALL1178,Ticket #560566,General Inquiry,Ticket generated,2025-01-04 08:55:25,,Support Team
560567,CALL1180,Ticket #560567,General Inquiry,Resolved,2025-01-02 16:35:15,2025-01-02 20:50:00,Support Team
560568,CALL1180,Ticket #560568,General Inquiry,Resolved,2025-01-02 16:35:15,2025-01-02 21:25:00,Support Team
560569,CALL1180,Ticket #560569,General Inquiry,Resolved,2025-01-02 16:35:15,2025-01-03 08:40:00,Support Team
560570,CALL1181,Ticket #560570,General Inquiry,Ticket generated,2025-01-01 10:50:10,,Support Team